starting_layer,layers_to_prune,similarity,metric
0,1,0.5354746580123901,cosine
0,1,0.522602915763855,angular
0,1,0.3184390664100647,custom
0,1,0.5178266167640686,cubic
0,1,0.30022403597831726,exp
0,2,0.5419231653213501,cosine
0,2,0.5267205238342285,angular
0,2,0.3231862187385559,custom
0,2,0.5211089253425598,cubic
0,2,0.3061527907848358,exp
0,3,0.536300539970398,cosine
0,3,0.5231300592422485,angular
0,3,0.31904518604278564,custom
0,3,0.5182459354400635,cubic
0,3,0.3009791374206543,exp
0,4,0.5397765636444092,cosine
0,4,0.5253493785858154,angular
0,4,0.32160234451293945,custom
0,4,0.5200141668319702,cubic
0,4,0.30417075753211975,exp
0,5,0.541155219078064,cosine
0,5,0.526229977607727,angular
0,5,0.3226191997528076,custom
0,5,0.5207170248031616,cubic
0,5,0.30544278025627136,exp
0,6,0.5341432690620422,cosine
0,6,0.521753191947937,angular
0,6,0.3174630403518677,custom
0,6,0.5171512365341187,cubic
0,6,0.2990094721317291,exp
0,7,0.53801429271698,cosine
0,7,0.524224042892456,angular
0,7,0.3203046917915344,custom
0,7,0.519116997718811,cubic
0,7,0.30254989862442017,exp
0,8,0.5159867405891418,cosine
0,8,0.5101792216300964,angular
0,8,0.30428940057754517,custom
0,8,0.5080015659332275,cubic
0,8,0.28276464343070984,exp
0,9,0.5119531154632568,cosine
0,9,0.5076103210449219,angular
0,9,0.3013964891433716,custom
0,9,0.5059799551963806,cubic
0,9,0.2792351245880127,exp
0,10,0.5178338885307312,cosine
0,10,0.5113558769226074,angular
0,10,0.30561816692352295,custom
0,10,0.5089282989501953,cubic
0,10,0.28439047932624817,exp
0,11,0.5221551656723022,cosine
0,11,0.5141090154647827,angular
0,11,0.30873680114746094,custom
0,11,0.5110993385314941,cubic
0,11,0.28821757435798645,exp
0,12,0.5245949029922485,cosine
0,12,0.5156639814376831,angular
0,12,0.3105037808418274,custom
0,12,0.5123271942138672,cubic
0,12,0.29039299488067627,exp
0,13,0.5093634724617004,cosine
0,13,0.5059612989425659,angular
0,13,0.2995454668998718,custom
0,13,0.5046833753585815,cubic
0,13,0.2769840359687805,exp
0,14,0.4949932396411896,cosine
0,14,0.49681252241134644,angular
0,14,0.28936171531677246,custom
0,14,0.4974963665008545,cubic
0,14,0.26470229029655457,exp
0,15,0.48936569690704346,cosine
0,15,0.4932295083999634,angular
0,15,0.2854132056236267,custom
0,15,0.4946804344654083,cubic
0,15,0.25998803973197937,exp
0,16,0.49288079142570496,cosine
0,16,0.4954676628112793,angular
0,16,0.2878769636154175,custom
0,16,0.49643969535827637,cubic
0,16,0.26292648911476135,exp
0,17,0.48609766364097595,cosine
0,17,0.49114835262298584,angular
0,17,0.2831302285194397,custom
0,17,0.4930434823036194,cubic
0,17,0.2572746276855469,exp
0,18,0.501283586025238,cosine
0,18,0.5008171796798706,angular
0,18,0.2938014268875122,custom
0,18,0.5006418228149414,cubic
0,18,0.270035058259964,exp
0,19,0.4980764091014862,cosine
0,19,0.4987754225730896,angular
0,19,0.29153430461883545,custom
0,19,0.4990381896495819,cubic
0,19,0.26730775833129883,exp
0,20,0.508355438709259,cosine
0,20,0.5053194761276245,angular
0,20,0.29882627725601196,custom
0,20,0.5041788816452026,cubic
0,20,0.2761109173297882,exp
0,21,0.48917877674102783,cosine
0,21,0.4931104779243469,angular
0,21,0.2852824330329895,custom
0,21,0.49458685517311096,cubic
0,21,0.2598324120044708,exp
0,22,0.4821869432926178,cosine
0,22,0.48865747451782227,angular
0,22,0.28040772676467896,custom
0,22,0.49108219146728516,cubic
0,22,0.25405076146125793,exp
0,23,0.49724361300468445,cosine
0,23,0.4982452392578125,angular
0,23,0.2909468412399292,custom
0,23,0.49862179160118103,cubic
0,23,0.26660242676734924,exp
0,24,0.5053791403770447,cosine
0,24,0.5034245252609253,angular
0,24,0.2967071533203125,custom
0,24,0.5026898384094238,cubic
0,24,0.2735433280467987,exp
1,1,0.8272554874420166,cosine
1,1,0.7271254062652588,angular
1,1,0.5843745470046997,custom
1,1,0.7337233424186707,cubic
1,1,0.6621511578559875,exp
1,2,0.766413152217865,cosine
1,2,0.6788700819015503,angular
1,2,0.5166918039321899,custom
1,2,0.6710244417190552,cubic
1,2,0.5683543682098389,exp
1,3,0.741152822971344,cosine
1,3,0.6602005362510681,angular
1,3,0.49122971296310425,custom
1,3,0.6486247181892395,cubic
1,3,0.5326429605484009,exp
1,4,0.7427037358283997,cosine
1,4,0.6613287329673767,angular
1,4,0.492756187915802,custom
1,4,0.6499448418617249,cubic
1,4,0.5347839593887329,exp
1,5,0.7303804755210876,cosine
1,5,0.6524235010147095,angular
1,5,0.4807509779930115,custom
1,5,0.6396452188491821,cubic
1,5,0.5179539918899536,exp
1,6,0.7070906758308411,cosine
1,6,0.6359320878982544,angular
1,6,0.45878899097442627,custom
1,6,0.6213080883026123,cubic
1,6,0.48725783824920654,exp
1,7,0.685282826423645,cosine
1,7,0.6208361387252808,angular
1,7,0.4390034079551697,custom
1,7,0.6053628325462341,cubic
1,7,0.4597827196121216,exp
1,8,0.6589398384094238,cosine
1,8,0.6029708385467529,angular
1,8,0.4159964919090271,custom
1,8,0.5875001549720764,cubic
1,8,0.42815282940864563,exp
1,9,0.6605911254882812,cosine
1,9,0.6040802001953125,angular
1,9,0.4174119234085083,custom
1,9,0.5885787010192871,cubic
1,9,0.43008705973625183,exp
1,10,0.6379296183586121,cosine
1,10,0.5889623761177063,angular
1,10,0.3982771635055542,custom
1,10,0.5742129683494568,cubic
1,10,0.40409374237060547,exp
1,11,0.6411444544792175,cosine
1,11,0.5910936594009399,angular
1,11,0.4009544849395752,custom
1,11,0.5761959552764893,cubic
1,11,0.4077099561691284,exp
1,12,0.6379972100257874,cosine
1,12,0.5890071392059326,angular
1,12,0.3983333110809326,custom
1,12,0.5742543935775757,cubic
1,12,0.40416958928108215,exp
1,13,0.627859354019165,cosine
1,13,0.5823121070861816,angular
1,13,0.3899666666984558,custom
1,13,0.5681101679801941,cubic
1,13,0.39291566610336304,exp
1,14,0.6344207525253296,cosine
1,14,0.5866407155990601,angular
1,14,0.39536845684051514,custom
1,14,0.5720680356025696,cubic
1,14,0.4001733064651489,exp
1,15,0.6256308555603027,cosine
1,15,0.5808454751968384,angular
1,15,0.3881428837776184,custom
1,15,0.5667811036109924,cubic
1,15,0.3904723823070526,exp
1,16,0.6161138415336609,cosine
1,16,0.574601411819458,angular
1,16,0.38041454553604126,custom
1,16,0.5611878633499146,cubic
1,16,0.3801593482494354,exp
1,17,0.5957381725311279,cosine
1,17,0.5613275766372681,angular
1,17,0.3641841411590576,custom
1,17,0.5496241450309753,cubic
1,17,0.3587287366390228,exp
1,18,0.5947549343109131,cosine
1,18,0.5606899261474609,angular
1,18,0.36341142654418945,custom
1,18,0.5490790009498596,cubic
1,18,0.35771650075912476,exp
1,19,0.5858007669448853,cosine
1,19,0.554894208908081,angular
1,19,0.35641688108444214,custom
1,19,0.544163703918457,cubic
1,19,0.34858930110931396,exp
1,20,0.5730154514312744,cosine
1,20,0.5466499328613281,angular
1,20,0.34655946493148804,custom
1,20,0.5372862815856934,cubic
1,20,0.335837185382843,exp
1,21,0.5626384019851685,cosine
1,21,0.5399819016456604,angular
1,21,0.33866679668426514,custom
1,21,0.5318107604980469,cubic
1,21,0.32572412490844727,exp
1,22,0.5451697707176208,cosine
1,22,0.5287952423095703,angular
1,22,0.32558900117874146,custom
1,22,0.5227692127227783,cubic
1,22,0.3091668486595154,exp
1,23,0.5338540077209473,cosine
1,23,0.5215686559677124,angular
1,23,0.31725114583969116,custom
1,23,0.5170046091079712,cubic
1,23,0.2987460494041443,exp
2,1,0.8900145292282104,cosine
2,1,0.7847957611083984,angular
2,1,0.6683593988418579,custom
2,1,0.8136585354804993,cubic
2,1,0.771636426448822,exp
2,2,0.8488537073135376,cosine
2,2,0.7457964420318604,angular
2,2,0.6112246513366699,custom
2,2,0.7593371272087097,cubic
2,2,0.6982898116111755,exp
2,3,0.8213626742362976,cosine
2,3,0.7221963405609131,angular
2,3,0.5773448944091797,custom
2,3,0.7270581722259521,cubic
2,3,0.6525593400001526,exp
2,4,0.8087441921234131,cosine
2,4,0.7118497490882874,angular
2,4,0.562671959400177,custom
2,4,0.7132329344749451,cubic
2,4,0.6323962211608887,exp
2,5,0.7701467275619507,cosine
2,5,0.6816867589950562,angular
2,5,0.5205698013305664,custom
2,5,0.6745035648345947,cubic
2,5,0.573787271976471,exp
2,6,0.74672532081604,cosine
2,6,0.6642646789550781,angular
2,6,0.49673599004745483,custom
2,6,0.6534006595611572,cubic
2,6,0.5403665900230408,exp
2,7,0.7142053246498108,cosine
2,7,0.6409263610839844,angular
2,7,0.4654023051261902,custom
2,7,0.6267597675323486,cubic
2,7,0.49648386240005493,exp
2,8,0.7260901927947998,cosine
2,8,0.6493536829948425,angular
2,8,0.4766361117362976,custom
2,8,0.6361591219902039,cubic
2,8,0.5121914744377136,exp
2,9,0.6866163015365601,cosine
2,9,0.6217506527900696,angular
2,9,0.44019317626953125,custom
2,9,0.6063061952590942,cubic
2,9,0.46142855286598206,exp
2,10,0.6887248754501343,cosine
2,10,0.6231988668441772,angular
2,10,0.4420796036720276,custom
2,10,0.6078060865402222,cubic
2,10,0.46403995156288147,exp
2,11,0.6681795716285706,cosine
2,11,0.6091955900192261,angular
2,11,0.42396146059036255,custom
2,11,0.5936034917831421,cubic
2,11,0.4390576481819153,exp
2,12,0.6473978757858276,cosine
2,12,0.5952516198158264,angular
2,12,0.4061968922615051,custom
2,12,0.5801036953926086,cubic
2,12,0.4148109257221222,exp
2,13,0.6600107550621033,cosine
2,13,0.6036901473999023,angular
2,13,0.41691404581069946,custom
2,13,0.5881990790367126,cubic
2,13,0.4294064939022064,exp
2,14,0.6451097726821899,cosine
2,14,0.5937283635139465,angular
2,14,0.4042733907699585,custom
2,14,0.5786659717559814,cubic
2,14,0.412202388048172,exp
2,15,0.6196711659431458,cosine
2,15,0.5769318342208862,angular
2,15,0.38329195976257324,custom
2,15,0.5632632970809937,cubic
2,15,0.3839912414550781,exp
2,16,0.6337673664093018,cosine
2,16,0.5862090587615967,angular
2,16,0.3948284387588501,custom
2,16,0.5716708898544312,cubic
2,16,0.3994463086128235,exp
2,17,0.6352571249008179,cosine
2,17,0.5871937274932861,angular
2,17,0.3960605263710022,custom
2,17,0.5725774765014648,cubic
2,17,0.40110525488853455,exp
2,18,0.6002768278121948,cosine
2,18,0.5642740726470947,angular
2,18,0.36776334047317505,custom
2,18,0.552155077457428,cubic
2,18,0.3634270131587982,exp
2,19,0.5906678438186646,cosine
2,19,0.558042049407959,angular
2,19,0.36020928621292114,custom
2,19,0.5468246340751648,cubic
2,19,0.3535301685333252,exp
2,20,0.5765255689620972,cosine
2,20,0.5489099621772766,angular
2,20,0.349250853061676,custom
2,20,0.5391590595245361,cubic
2,20,0.3393058180809021,exp
2,21,0.5618371963500977,cosine
2,21,0.5394678115844727,angular
2,21,0.3380613327026367,custom
2,21,0.5313915014266968,cubic
2,21,0.32495197653770447,exp
2,22,0.5255789160728455,cosine
2,22,0.5162911415100098,angular
2,22,0.31121766567230225,custom
2,22,0.5128229856491089,cubic
2,22,0.2912733554840088,exp
3,1,0.9198708534240723,cosine
3,1,0.817293643951416,angular
3,1,0.7169290781021118,custom
3,1,0.8579747676849365,cubic
3,1,0.8287471532821655,exp
3,2,0.8608922958374023,cosine
3,2,0.7566778659820557,angular
3,2,0.6270285844802856,custom
3,2,0.7744536995887756,cubic
3,2,0.7191209197044373,exp
3,3,0.8312716484069824,cosine
3,3,0.7305229306221008,angular
3,3,0.589234471321106,custom
3,3,0.7383439540863037,cubic
3,3,0.6687535047531128,exp
3,4,0.8036321401596069,cosine
3,4,0.7077330946922302,angular
3,4,0.556865930557251,custom
3,4,0.7078012824058533,cubic
3,4,0.6243714094161987,exp
3,5,0.7859022617340088,cosine
3,5,0.6937564611434937,angular
3,5,0.5372930765151978,custom
3,5,0.6896904706954956,cubic
3,5,0.5971662998199463,exp
3,6,0.7407679557800293,cosine
3,6,0.659920871257782,angular
3,6,0.49085164070129395,custom
3,6,0.6482982039451599,cubic
3,6,0.5321126580238342,exp
3,7,0.7350106835365295,cosine
3,7,0.6557538509368896,angular
3,7,0.48522889614105225,custom
3,7,0.6434646248817444,cubic
3,7,0.5242289304733276,exp
3,8,0.690484881401062,cosine
3,8,0.6244098544120789,angular
3,8,0.4436591863632202,custom
3,8,0.6090657711029053,cubic
3,8,0.4662282466888428,exp
3,9,0.7032092213630676,cosine
3,9,0.6332224607467651,angular
3,9,0.4552149176597595,custom
3,9,0.6183872222900391,cubic
3,9,0.48227959871292114,exp
3,10,0.7055812478065491,cosine
3,10,0.6348771452903748,angular
3,10,0.45739632844924927,custom
3,10,0.6201678514480591,cubic
3,10,0.4853173494338989,exp
3,11,0.6643280386924744,cosine
3,11,0.6065956950187683,angular
3,11,0.4206279516220093,custom
3,11,0.5910390019416809,cubic
3,11,0.4344874918460846,exp
3,12,0.6818497180938721,cosine
3,12,0.6184864640235901,angular
3,12,0.435951828956604,custom
3,12,0.6029521226882935,cubic
3,12,0.455565482378006,exp
3,13,0.6771053075790405,cosine
3,13,0.6152504086494446,angular
3,13,0.4317617416381836,custom
3,13,0.5996628999710083,cubic
3,13,0.449785053730011,exp
3,14,0.6396311521530151,cosine
3,14,0.5900899171829224,angular
3,14,0.39969271421432495,custom
3,14,0.57526034116745,cubic
3,14,0.4060048460960388,exp
3,15,0.652803897857666,cosine
3,15,0.5988596677780151,angular
3,15,0.4107665419578552,custom
3,15,0.5835375785827637,cubic
3,15,0.4210217297077179,exp
3,16,0.6459137797355652,cosine
3,16,0.5942633152008057,angular
3,16,0.40494853258132935,custom
3,16,0.5791701078414917,cubic
3,16,0.4131176173686981,exp
3,17,0.6364861726760864,cosine
3,17,0.5880067348480225,angular
3,17,0.3970789313316345,custom
3,17,0.5733281373977661,cubic
3,17,0.4024777114391327,exp
3,18,0.6239957809448242,cosine
3,18,0.579770565032959,angular
3,18,0.38680821657180786,custom
3,18,0.5658107399940491,cubic
3,18,0.38868653774261475,exp
3,19,0.6020134687423706,cosine
3,19,0.5654030442237854,angular
3,19,0.369138240814209,custom
3,19,0.5531299710273743,cubic
3,19,0.3652361035346985,exp
3,20,0.581393837928772,cosine
3,20,0.5520485639572144,angular
3,20,0.3530021905899048,custom
3,20,0.5417754054069519,cubic
3,20,0.3441569209098816,exp
3,21,0.5292691588401794,cosine
3,21,0.5186439752578735,angular
3,21,0.31390172243118286,custom
3,21,0.5146847367286682,cubic
3,21,0.2945905029773712,exp
4,1,0.8988240957260132,cosine
4,1,0.7939227819442749,angular
4,1,0.6819183826446533,custom
4,1,0.8262864947319031,cubic
4,1,0.7881348133087158,exp
4,2,0.859404444694519,cosine
4,2,0.7553123235702515,angular
4,2,0.6250392198562622,custom
4,2,0.7725518941879272,cubic
4,2,0.7165190577507019,exp
4,3,0.8290048837661743,cosine
4,3,0.7286014556884766,angular
4,3,0.586484432220459,custom
4,3,0.7357282042503357,cubic
4,3,0.6650205850601196,exp
4,4,0.8069964051246643,cosine
4,4,0.7104376554489136,angular
4,4,0.560678243637085,custom
4,4,0.7113650441169739,cubic
4,4,0.6296433210372925,exp
4,5,0.7588496208190918,cosine
4,5,0.673211395740509,angular
4,5,0.5089293718338013,custom
4,5,0.6641122698783875,cubic
4,5,0.5574716329574585,exp
4,6,0.7649592757225037,cosine
4,6,0.6777775287628174,angular
4,6,0.5151900053024292,custom
4,6,0.6696817874908447,cubic
4,6,0.566249668598175,exp
4,7,0.7263752222061157,cosine
4,7,0.6495572328567505,angular
4,7,0.47690844535827637,custom
4,7,0.6363891363143921,cubic
4,7,0.5125727653503418,exp
4,8,0.7317901253700256,cosine
4,8,0.653435468673706,angular
4,8,0.4821101427078247,custom
4,8,0.6408016681671143,cubic
4,8,0.5198583006858826,exp
4,9,0.735482931137085,cosine
4,9,0.656094491481781,angular
4,9,0.4856877326965332,custom
4,9,0.6438575387001038,cubic
4,9,0.5248721241950989,exp
4,10,0.6942468285560608,cosine
4,10,0.6270045042037964,angular
4,10,0.44705045223236084,custom
4,10,0.6117819547653198,cubic
4,10,0.4709312915802002,exp
4,11,0.7031954526901245,cosine
4,11,0.6332129240036011,angular
4,11,0.45520228147506714,custom
4,11,0.6183769702911377,cubic
4,11,0.4822620451450348,exp
4,12,0.7044516205787659,cosine
4,12,0.6340886354446411,angular
4,12,0.456356406211853,custom
4,12,0.6193181276321411,cubic
4,12,0.4838688373565674,exp
4,13,0.6713018417358398,cosine
4,13,0.6113088130950928,angular
4,13,0.426677942276001,custom
4,13,0.5957043766975403,cubic
4,13,0.44278842210769653,exp
4,14,0.6738079190254211,cosine
4,14,0.6130086779594421,angular
4,14,0.4288676977157593,custom
4,14,0.597405195236206,cubic
4,14,0.4457997977733612,exp
4,15,0.6593032479286194,cosine
4,15,0.6032148599624634,angular
4,15,0.41630762815475464,custom
4,15,0.5877370238304138,cubic
4,15,0.4285779595375061,exp
4,16,0.6514750123023987,cosine
4,16,0.5979715585708618,angular
4,16,0.40963995456695557,custom
4,16,0.582688570022583,cubic
4,16,0.41948869824409485,exp
4,17,0.6344633102416992,cosine
4,17,0.5866689085960388,angular
4,17,0.3954036831855774,custom
4,17,0.5720939636230469,cubic
4,17,0.400220662355423,exp
4,18,0.6067153811454773,cosine
4,18,0.5684638023376465,angular
4,18,0.3728758692741394,custom
4,18,0.5557882189750671,cubic
4,18,0.3701656460762024,exp
4,19,0.5770178437232971,cosine
4,19,0.5492271184921265,angular
4,19,0.3496292233467102,custom
4,19,0.5394225716590881,cubic
4,19,0.33979418873786926,exp
4,20,0.5325067639350891,cosine
4,20,0.5207090377807617,angular
4,20,0.3162652254104614,custom
4,20,0.5163220763206482,cubic
4,20,0.2975209951400757,exp
5,1,0.9223636388778687,cosine
5,1,0.820237398147583,angular
5,1,0.7213670015335083,custom
5,1,0.8618736267089844,cubic
5,1,0.8336716890335083,exp
5,2,0.8733563423156738,cosine
5,2,0.7683689594268799,angular
5,2,0.644129753112793,custom
5,2,0.7907661199569702,cubic
5,2,0.741223156452179,exp
5,3,0.8341656923294067,cosine
5,3,0.7329912185668945,angular
5,3,0.5927724242210388,custom
5,3,0.7417132258415222,cubic
5,3,0.6735441088676453,exp
5,4,0.7850147485733032,cosine
5,4,0.693068265914917,angular
5,4,0.5363349914550781,custom
5,4,0.6888128519058228,cubic
5,4,0.5958299040794373,exp
5,5,0.7860733270645142,cosine
5,5,0.6938892602920532,angular
5,5,0.537477970123291,custom
5,5,0.6898599863052368,cubic
5,5,0.5974243879318237,exp
5,6,0.7450301647186279,cosine
5,6,0.6630252599716187,angular
5,6,0.49505460262298584,custom
5,6,0.6519381999969482,cubic
5,6,0.5380079746246338,exp
5,7,0.745213508605957,cosine
5,7,0.6631592512130737,angular
5,7,0.49523621797561646,custom
5,7,0.6520959734916687,cubic
5,7,0.538262665271759,exp
5,8,0.7470015287399292,cosine
5,8,0.6644668579101562,angular
5,8,0.4970104694366455,custom
5,8,0.6536397933959961,cubic
5,8,0.5407517552375793,exp
5,9,0.6987825632095337,cosine
5,9,0.6301447153091431,angular
5,9,0.4511672258377075,custom
5,9,0.6151008605957031,cubic
5,9,0.47664913535118103,exp
5,10,0.7119215130805969,cosine
5,10,0.6393191814422607,angular
5,10,0.46327054500579834,custom
5,10,0.6249958872795105,cubic
5,10,0.4935080111026764,exp
5,11,0.7039145231246948,cosine
5,11,0.6337140798568726,angular
5,11,0.4558626413345337,custom
5,11,0.6189152598381042,cubic
5,11,0.4831813871860504,exp
5,12,0.6750940084457397,cosine
5,12,0.613882303237915,angular
5,12,0.42999476194381714,custom
5,12,0.598283052444458,cubic
5,12,0.44735097885131836,exp
5,13,0.6732866168022156,cosine
5,13,0.6126548051834106,angular
5,13,0.4284115433692932,custom
5,13,0.5970503091812134,cubic
5,13,0.44517219066619873,exp
5,14,0.657532811164856,cosine
5,14,0.6020265817642212,angular
5,14,0.41479307413101196,custom
5,14,0.586585283279419,cubic
5,14,0.4265098571777344,exp
5,15,0.642817497253418,cosine
5,15,0.5922045111656189,angular
5,15,0.40235257148742676,custom
5,15,0.5772348046302795,cubic
5,15,0.409601092338562,exp
5,16,0.6241112351417542,cosine
5,16,0.5798463821411133,angular
5,16,0.3869022727012634,custom
5,16,0.5658791065216064,cubic
5,16,0.3888123631477356,exp
5,17,0.5966562032699585,cosine
5,17,0.561923086643219,angular
5,17,0.3649064898490906,custom
5,17,0.5501341223716736,cubic
5,17,0.3596755564212799,exp
5,18,0.574423611164093,cosine
5,18,0.5475562810897827,angular
5,18,0.3476378321647644,custom
5,18,0.5380362272262573,cubic
5,18,0.3372257351875305,exp
5,19,0.534868597984314,cosine
5,19,0.5222160816192627,angular
5,19,0.3179945945739746,custom
5,19,0.5175191164016724,cubic
5,19,0.2996707558631897,exp
6,1,0.9136642217636108,cosine
6,1,0.8101404309272766,angular
6,1,0.7061704993247986,custom
6,1,0.8484029769897461,cubic
6,1,0.8165923357009888,exp
6,2,0.8702831268310547,cosine
6,2,0.7654426097869873,angular
6,2,0.6398376822471619,custom
6,2,0.786680281162262,cubic
6,2,0.7357221245765686,exp
6,3,0.8139786124229431,cosine
6,3,0.7161087393760681,angular
6,3,0.5686980485916138,custom
6,3,0.7188949584960938,cubic
6,3,0.6406986713409424,exp
6,4,0.8275485038757324,cosine
6,4,0.7273722887039185,angular
6,4,0.5847271680831909,custom
6,4,0.7340583205223083,cubic
6,4,0.6626312732696533,exp
6,5,0.7829327583312988,cosine
6,5,0.6914578676223755,angular
6,5,0.5340951681137085,custom
6,5,0.6867644190788269,cubic
6,5,0.5927035808563232,exp
6,6,0.777748703956604,cosine
6,6,0.6874721050262451,angular
6,6,0.5285646319389343,custom
6,6,0.6817278265953064,cubic
6,6,0.5849756598472595,exp
6,7,0.7659831047058105,cosine
6,7,0.678546667098999,angular
6,7,0.516247034072876,custom
6,7,0.6706265807151794,cubic
6,7,0.5677310228347778,exp
6,8,0.7256113290786743,cosine
6,8,0.6490119695663452,angular
6,8,0.4761788249015808,custom
6,8,0.6357731223106384,cubic
6,8,0.5115512609481812,exp
6,9,0.7434449791908264,cosine
6,9,0.661868691444397,angular
6,9,0.4934874176979065,custom
6,9,0.6505782008171082,cubic
6,9,0.5358095169067383,exp
6,10,0.7220253348350525,cosine
6,10,0.6464589834213257,angular
6,10,0.4727669954299927,custom
6,10,0.6329022645950317,cubic
6,10,0.5067771077156067,exp
6,11,0.7025660276412964,cosine
6,11,0.6327744722366333,angular
6,11,0.45462489128112793,custom
6,11,0.6179068088531494,cubic
6,11,0.4814583659172058,exp
6,12,0.722378671169281,cosine
6,12,0.6467100381851196,angular
6,12,0.4731021523475647,custom
6,12,0.6331835389137268,cubic
6,12,0.5072459578514099,exp
6,13,0.708937406539917,cosine
6,13,0.6372249126434326,angular
6,13,0.4604978561401367,custom
6,13,0.6227109432220459,cubic
6,13,0.4896399974822998,exp
6,14,0.6688649654388428,cosine
6,14,0.6096590757369995,angular
6,14,0.4245566725730896,custom
6,14,0.5940629839897156,cubic
6,14,0.43987464904785156,exp
6,15,0.6480029821395874,cosine
6,15,0.5956548452377319,angular
6,15,0.40670663118362427,custom
6,15,0.580485463142395,cubic
6,15,0.4155028760433197,exp
6,16,0.627619743347168,cosine
6,16,0.5821543335914612,angular
6,16,0.3897703289985657,custom
6,16,0.5679669380187988,cubic
6,16,0.3926524817943573,exp
6,17,0.5957978963851929,cosine
6,17,0.5613663196563721,angular
6,17,0.3642311096191406,custom
6,17,0.5496572852134705,cubic
6,17,0.35879024863243103,exp
6,18,0.5353803634643555,cosine
6,18,0.5225426554679871,angular
6,18,0.31836986541748047,custom
6,18,0.517778754234314,cubic
6,18,0.3001379072666168,exp
7,1,0.9087215065956116,cosine
7,1,0.8046091198921204,angular
7,1,0.6978766918182373,custom
7,1,0.8409172296524048,cubic
7,1,0.8070201873779297,exp
7,2,0.8494515419006348,cosine
7,2,0.7463281154632568,angular
7,2,0.6119942665100098,custom
7,2,0.7600733041763306,cubic
7,2,0.6993123888969421,exp
7,3,0.8377535343170166,cosine
7,3,0.736075222492218,angular
7,3,0.5972017049789429,custom
7,3,0.7459368705749512,cubic
7,3,0.679521918296814,exp
7,4,0.7972567081451416,cosine
7,4,0.7026553153991699,angular
7,4,0.5497297644615173,custom
7,4,0.7011604905128479,cubic
7,4,0.6144776344299316,exp
7,5,0.7835668325424194,cosine
7,5,0.6919476985931396,angular
7,5,0.5347762107849121,custom
7,5,0.687386691570282,cubic
7,5,0.5936542749404907,exp
7,6,0.7901836633682251,cosine
7,6,0.6970909833908081,angular
7,6,0.541942834854126,custom
7,6,0.693962574005127,cubic
7,6,0.603647768497467,exp
7,7,0.7461342811584473,cosine
7,7,0.6638321876525879,angular
7,7,0.49614912271499634,custom
7,7,0.6528897881507874,cubic
7,7,0.5395433306694031,exp
7,8,0.7487116456031799,cosine
7,8,0.6657203435897827,angular
7,8,0.49871331453323364,custom
7,8,0.6551251411437988,cubic
7,8,0.5431405901908875,exp
7,9,0.7452682256698608,cosine
7,9,0.6631991863250732,angular
7,9,0.4952903985977173,custom
7,9,0.6521430611610413,cubic
7,9,0.5383387804031372,exp
7,10,0.7266969680786133,cosine
7,10,0.6497869491577148,angular
7,10,0.47721606492996216,custom
7,10,0.6366490721702576,cubic
7,10,0.5130034685134888,exp
7,11,0.7175493240356445,cosine
7,11,0.6432865858078003,angular
7,11,0.46853911876678467,custom
7,11,0.6293668746948242,cubic
7,11,0.5008657574653625,exp
7,12,0.7061240673065186,cosine
7,12,0.635256290435791,angular
7,12,0.45789670944213867,custom
7,12,0.6205772757530212,cubic
7,12,0.4860144257545471,exp
7,13,0.6850354671478271,cosine
7,13,0.6206666231155396,angular
7,13,0.4387829899787903,custom
7,13,0.605188250541687,cubic
7,13,0.45947790145874023,exp
7,14,0.6612961888313293,cosine
7,14,0.604554295539856,angular
7,14,0.41801732778549194,custom
7,14,0.5890408158302307,cubic
7,14,0.4309147894382477,exp
7,15,0.6233329772949219,cosine
7,15,0.5793350338935852,angular
7,15,0.3862679600715637,custom
7,15,0.565418541431427,cubic
7,15,0.38796424865722656,exp
7,16,0.601779043674469,cosine
7,16,0.56525057554245,angular
7,16,0.3689524531364441,custom
7,16,0.5529981255531311,cubic
7,16,0.3649914860725403,exp
7,17,0.5445377826690674,cosine
7,17,0.5283912420272827,angular
7,17,0.32512056827545166,custom
7,17,0.522445559501648,cubic
7,17,0.30857858061790466,exp
8,1,0.9117591381072998,cosine
8,1,0.8079919815063477,angular
8,1,0.7029463648796082,custom
8,1,0.8455034494400024,cubic
8,1,0.8128918409347534,exp
8,2,0.8798661231994629,cosine
8,2,0.7746700048446655,angular
8,2,0.653396725654602,custom
8,2,0.7995611429214478,cubic
8,2,0.7529878616333008,exp
8,3,0.8309826850891113,cosine
8,3,0.730277419090271,angular
8,3,0.5888828039169312,custom
8,3,0.7380093336105347,cubic
8,3,0.6682766675949097,exp
8,4,0.8128668069839478,cosine
8,4,0.7152003049850464,angular
8,4,0.5674110651016235,custom
8,4,0.717683732509613,cubic
8,4,0.6389278769493103,exp
8,5,0.8221524953842163,cosine
8,5,0.7228533029556274,angular
8,5,0.5782803297042847,custom
8,5,0.7279436588287354,cubic
8,5,0.6538383364677429,exp
8,6,0.7712504863739014,cosine
8,6,0.6825225353240967,angular
8,6,0.5217223167419434,custom
8,6,0.6755407452583313,cubic
8,6,0.5754011273384094,exp
8,7,0.7656934261322021,cosine
8,7,0.6783289909362793,angular
8,7,0.5159477591514587,custom
8,7,0.6703588962554932,cubic
8,7,0.5673115849494934,exp
8,8,0.7744166254997253,cosine
8,8,0.6849278211593628,angular
8,8,0.5250438451766968,custom
8,8,0.6785379648208618,cubic
8,8,0.5800507068634033,exp
8,9,0.7500958442687988,cosine
8,9,0.6667371392250061,angular
8,9,0.5000958442687988,custom
8,9,0.656333863735199,cubic
8,9,0.5450801849365234,exp
8,10,0.7387309670448303,cosine
8,10,0.6584431529045105,angular
8,10,0.48885518312454224,custom
8,10,0.6465771794319153,cubic
8,10,0.5293129682540894,exp
8,11,0.7263904809951782,cosine
8,11,0.6495680809020996,angular
8,11,0.47692304849624634,custom
8,11,0.6364014744758606,cubic
8,11,0.512593150138855,exp
8,12,0.7030425667762756,cosine
8,12,0.6331063508987427,angular
8,12,0.45506197214126587,custom
8,12,0.6182626485824585,cubic
8,12,0.4820667803287506,exp
8,13,0.6828615665435791,cosine
8,13,0.619178295135498,angular
8,13,0.43684953451156616,custom
8,13,0.603659987449646,cubic
8,13,0.45680543780326843,exp
8,14,0.6425148844718933,cosine
8,14,0.5920034646987915,angular
8,14,0.4020994305610657,custom
8,14,0.5770465135574341,cubic
8,14,0.40925848484039307,exp
8,15,0.6118810176849365,cosine
8,15,0.5718339085578918,angular
8,15,0.3770080804824829,custom
8,15,0.5587414503097534,cubic
8,15,0.3756352365016937,exp
8,16,0.5489864349365234,cosine
8,16,0.5312358140945435,angular
8,16,0.32842451333999634,custom
8,16,0.5247282981872559,cubic
8,16,0.31273511052131653,exp
9,1,0.9290357232093811,cosine
9,1,0.8283373713493347,angular
9,1,0.7336087822914124,custom
9,1,0.8724644184112549,cubic
9,1,0.8469733595848083,exp
9,2,0.8834754228591919,cosine
9,2,0.7782270312309265,angular
9,2,0.6586430668830872,custom
9,2,0.8045204877853394,cubic
9,2,0.7595769762992859,exp
9,3,0.8347017168998718,cosine
9,3,0.7334502339363098,angular
9,3,0.5934311151504517,custom
9,3,0.7423409819602966,cubic
9,3,0.6744344830513,exp
9,4,0.8327357769012451,cosine
9,4,0.7317694425582886,angular
9,4,0.5910204648971558,custom
9,4,0.7400442957878113,cubic
9,4,0.6711735725402832,exp
9,5,0.7850534319877625,cosine
9,5,0.6930981874465942,angular
9,5,0.5363767147064209,custom
9,5,0.6888510584831238,cubic
9,5,0.5958880186080933,exp
9,6,0.7681604027748108,cosine
9,6,0.6801862716674805,angular
9,6,0.5185027122497559,custom
9,6,0.6726469993591309,cubic
9,6,0.570891797542572,exp
9,7,0.7686991691589355,cosine
9,7,0.6805927753448486,angular
9,7,0.5190625190734863,custom
9,7,0.6731493473052979,cubic
9,7,0.5716760158538818,exp
9,8,0.7467418909072876,cosine
9,8,0.6642767786979675,angular
9,8,0.49675244092941284,custom
9,8,0.6534150242805481,cubic
9,8,0.5403897166252136,exp
9,9,0.7238758206367493,cosine
9,9,0.6477751135826111,angular
9,9,0.4745247960090637,custom
9,9,0.6343793869018555,cubic
9,9,0.5092364549636841,exp
9,10,0.7184287309646606,cosine
9,10,0.6439086198806763,angular
9,10,0.4693671464920044,custom
9,10,0.6300573348999023,cubic
9,10,0.5020230412483215,exp
9,11,0.696497917175293,cosine
9,11,0.6285613775253296,angular
9,11,0.44908982515335083,custom
9,11,0.6134231090545654,cubic
9,11,0.4737626314163208,exp
9,12,0.678123414516449,cosine
9,12,0.6159437894821167,angular
9,12,0.432658314704895,custom
9,12,0.6003646850585938,cubic
9,12,0.4510207772254944,exp
9,13,0.6376475095748901,cosine
9,13,0.5887755155563354,angular
9,13,0.39804279804229736,custom
9,13,0.5740396976470947,cubic
9,13,0.4037775695323944,exp
9,14,0.6080596446990967,cosine
9,14,0.5693400502204895,angular
9,14,0.3739486336708069,custom
9,14,0.5565534234046936,cubic
9,14,0.37158364057540894,exp
9,15,0.5590169429779053,cosine
9,15,0.5376591682434082,angular
9,15,0.33593446016311646,custom
9,15,0.5299195647239685,cubic
9,15,0.32224395871162415,exp
10,1,0.9286133050918579,cosine
10,1,0.8278144598007202,angular
10,1,0.7328171730041504,custom
10,1,0.8717872500419617,cubic
10,1,0.8461260199546814,exp
10,2,0.8743590116500854,cosine
10,2,0.7693303227424622,angular
10,2,0.6455413103103638,custom
10,2,0.7921083569526672,cubic
10,2,0.7430253028869629,exp
10,3,0.8565567135810852,cosine
10,3,0.7527155876159668,angular
10,3,0.6212608814239502,custom
10,3,0.7689383625984192,cubic
10,3,0.7115609645843506,exp
10,4,0.8095372915267944,cosine
10,4,0.7124922275543213,angular
10,4,0.5635796785354614,custom
10,4,0.714084267616272,cubic
10,4,0.6336485743522644,exp
10,5,0.7884761095046997,cosine
10,5,0.6957581043243408,angular
10,5,0.5400826930999756,custom
10,5,0.6922511458396912,cubic
10,5,0.6010561585426331,exp
10,6,0.7826451659202576,cosine
10,6,0.6912358999252319,angular
10,6,0.5337867140769958,custom
10,6,0.6864826679229736,cubic
10,6,0.5922726988792419,exp
10,7,0.7523126602172852,cosine
10,7,0.6683693528175354,angular
10,7,0.5023180246353149,custom
10,7,0.6582816243171692,cubic
10,7,0.5481977462768555,exp
10,8,0.7480111718177795,cosine
10,8,0.6652066111564636,angular
10,8,0.4980151057243347,custom
10,8,0.6545156836509705,cubic
10,8,0.5421611070632935,exp
10,9,0.7436161041259766,cosine
10,9,0.6619934439659119,angular
10,9,0.49365633726119995,custom
10,9,0.6507247090339661,cubic
10,9,0.5360464453697205,exp
10,10,0.7067515850067139,cosine
10,10,0.6356949806213379,angular
10,10,0.45847582817077637,custom
10,10,0.6210514903068542,cubic
10,10,0.4868214726448059,exp
10,11,0.685135006904602,cosine
10,11,0.6207348108291626,angular
10,11,0.43887168169021606,custom
10,11,0.6052584648132324,cubic
10,11,0.45960044860839844,exp
10,12,0.6539730429649353,cosine
10,12,0.5996416807174683,angular
10,12,0.4117594361305237,custom
10,12,0.5842872262001038,cubic
10,12,0.4223737120628357,exp
10,13,0.6213568449020386,cosine
10,13,0.5780376195907593,angular
10,13,0.38466018438339233,custom
10,13,0.5642529726028442,cubic
10,13,0.38581663370132446,exp
10,14,0.5439973473548889,cosine
10,14,0.5280458927154541,angular
10,14,0.3247203230857849,custom
10,14,0.5221690535545349,cubic
10,14,0.3080761432647705,exp
11,1,0.9038974642753601,cosine
11,1,0.7993391752243042,angular
11,1,0.6899958848953247,custom
11,1,0.8337268829345703,cubic
11,1,0.7977685928344727,exp
11,2,0.868053138256073,cosine
11,2,0.7633376717567444,angular
11,2,0.636755108833313,custom
11,2,0.78374183177948,cubic
11,2,0.7317517995834351,exp
11,3,0.8337809443473816,cosine
11,3,0.7326620817184448,angular
11,3,0.592300295829773,custom
11,3,0.7412633895874023,cubic
11,3,0.6729056239128113,exp
11,4,0.7972872853279114,cosine
11,4,0.7026795148849487,angular
11,4,0.5497636795043945,custom
11,4,0.7011919617652893,cubic
11,4,0.6145246624946594,exp
11,5,0.7842514514923096,cosine
11,5,0.6924772262573242,angular
11,5,0.5355125665664673,custom
11,5,0.6880601048469543,cubic
11,5,0.5946820974349976,exp
11,6,0.7520260214805603,cosine
11,6,0.6681580543518066,angular
11,6,0.5020301342010498,custom
11,6,0.6580289602279663,cubic
11,6,0.5477939248085022,exp
11,7,0.7387435436248779,cosine
11,7,0.6584522724151611,angular
11,7,0.48886752128601074,custom
11,7,0.6465878486633301,cubic
11,7,0.5293301939964294,exp
11,8,0.7262770533561707,cosine
11,8,0.6494870781898499,angular
11,8,0.4768146276473999,custom
11,8,0.6363099217414856,cubic
11,8,0.5124415159225464,exp
11,9,0.6923248767852783,cosine
11,9,0.6256778240203857,angular
11,9,0.44531530141830444,custom
11,9,0.6103901863098145,cubic
11,9,0.46852409839630127,exp
11,10,0.668022632598877,cosine
11,10,0.6090895533561707,angular
11,10,0.423825204372406,custom
11,10,0.5934984087944031,cubic
11,10,0.4388708174228668,exp
11,11,0.6394163966178894,cosine
11,11,0.5899475812911987,angular
11,11,0.399513840675354,custom
11,11,0.575127899646759,cubic
11,11,0.40576326847076416,exp
11,12,0.6110814809799194,cosine
11,12,0.5713117122650146,angular
11,12,0.37636667490005493,custom
11,12,0.5582820177078247,cubic
11,12,0.37478500604629517,exp
11,13,0.5543022155761719,cosine
11,13,0.5346381664276123,angular
11,13,0.332394003868103,custom
11,13,0.5274713635444641,cubic
11,13,0.3177506923675537,exp
12,1,0.9215956926345825,cosine
12,1,0.8193259835243225,angular
12,1,0.7199922800064087,custom
12,1,0.8606691360473633,cubic
12,1,0.8321518301963806,exp
12,2,0.8671987056732178,cosine
12,2,0.7625351548194885,angular
12,2,0.6355808973312378,custom
12,2,0.7826217412948608,cubic
12,2,0.7302351593971252,exp
12,3,0.8222771883010864,cosine
12,3,0.7229570746421814,angular
12,3,0.5784281492233276,custom
12,3,0.7280836701393127,cubic
12,3,0.6540406346321106,exp
12,4,0.7917639017105103,cosine
12,4,0.6983280777931213,angular
12,4,0.5436710119247437,custom
12,4,0.6955554485321045,cubic
12,4,0.6060540676116943,exp
12,5,0.7535278797149658,cosine
12,5,0.6692662239074707,angular
12,5,0.5035403966903687,custom
12,5,0.659355640411377,cubic
12,5,0.5499126315116882,exp
12,6,0.7391756176948547,cosine
12,6,0.658765435218811,angular
12,6,0.4892902970314026,custom
12,6,0.6469518542289734,cubic
12,6,0.5299230813980103,exp
12,7,0.7301851511001587,cosine
12,7,0.6522833108901978,angular
12,7,0.4805629253387451,custom
12,7,0.6394853591918945,cubic
12,7,0.5176905989646912,exp
12,8,0.6894586682319641,cosine
12,8,0.6237035393714905,angular
12,8,0.4427376389503479,custom
12,8,0.6083303689956665,cubic
12,8,0.46495136618614197,exp
12,9,0.6648003458976746,cosine
12,9,0.6069141626358032,angular
12,9,0.4210357069969177,custom
12,9,0.5913518667221069,cubic
12,9,0.43504610657691956,exp
12,10,0.6462990045547485,cosine
12,10,0.5945197939872742,angular
12,10,0.40527236461639404,custom
12,10,0.5794121026992798,cubic
12,10,0.4135567545890808,exp
12,11,0.60810387134552,cosine
12,11,0.569368839263916,angular
12,11,0.3739839196205139,custom
12,11,0.5565786361694336,cubic
12,11,0.37163031101226807,exp
12,12,0.5563875436782837,cosine
12,12,0.5359739661216736,angular
12,12,0.33395761251449585,custom
12,12,0.5285523533821106,cubic
12,12,0.31973278522491455,exp
13,1,0.9024986028671265,cosine
13,1,0.7978333234786987,angular
13,1,0.6877478957176208,custom
13,1,0.8316630125045776,cubic
13,1,0.7951026558876038,exp
13,2,0.8450133800506592,cosine
13,2,0.7424012422561646,angular
13,2,0.6063165664672852,custom
13,2,0.754643440246582,cubic
13,2,0.6917493343353271,exp
13,3,0.8209912776947021,cosine
13,3,0.7218878269195557,angular
13,3,0.5769057273864746,custom
13,3,0.7266425490379333,cubic
13,3,0.6519586443901062,exp
13,4,0.767654299736023,cosine
13,4,0.6798046827316284,angular
13,4,0.5179774761199951,custom
13,4,0.6721760034561157,cubic
13,4,0.570155918598175,exp
13,5,0.734606921672821,cosine
13,5,0.6554626226425171,angular
13,5,0.4848368167877197,custom
13,5,0.6431292295455933,cubic
13,5,0.5236794352531433,exp
13,6,0.7259151935577393,cosine
13,6,0.6492288112640381,angular
13,6,0.47646892070770264,custom
13,6,0.6360179781913757,cubic
13,6,0.5119574069976807,exp
13,7,0.7008895874023438,cosine
13,7,0.6316081285476685,angular
13,7,0.4530901312828064,custom
13,7,0.6166592836380005,cubic
13,7,0.4793229103088379,exp
13,8,0.6787811517715454,cosine
13,8,0.6163920164108276,angular
13,8,0.43323826789855957,custom
13,8,0.6008192300796509,cubic
13,8,0.4518204927444458,exp
13,9,0.6477788686752319,cosine
13,9,0.5955054759979248,angular
13,9,0.40651774406433105,custom
13,9,0.580344021320343,cubic
13,9,0.4152464270591736,exp
13,10,0.6061418652534485,cosine
13,10,0.5680900812149048,angular
13,10,0.3724188208580017,custom
13,10,0.5554625391960144,cubic
13,10,0.3695618808269501,exp
13,11,0.559614896774292,cosine
13,11,0.5380425453186035,angular
13,11,0.33638477325439453,custom
13,11,0.5302311778068542,cubic
13,11,0.32281675934791565,exp
14,1,0.9031696319580078,cosine
14,1,0.7985544204711914,angular
14,1,0.6888241767883301,custom
14,1,0.8326518535614014,cubic
14,1,0.7963804602622986,exp
14,2,0.856444776058197,cosine
14,2,0.75261390209198,angular
14,2,0.6211131811141968,custom
14,2,0.7687970995903015,cubic
14,2,0.711366593837738,exp
14,3,0.7902132272720337,cosine
14,3,0.697114109992981,angular
14,3,0.5419751405715942,custom
14,3,0.6939922571182251,cubic
14,3,0.6036927103996277,exp
14,4,0.7421045899391174,cosine
14,4,0.6608926653862,angular
14,4,0.4921659827232361,custom
14,4,0.6494340300559998,cubic
14,4,0.5339560508728027,exp
14,5,0.7301813960075378,cosine
14,5,0.6522806882858276,angular
14,5,0.4805593490600586,custom
14,5,0.639482319355011,cubic
14,5,0.51768559217453,exp
14,6,0.6968636512756348,cosine
14,6,0.6288145780563354,angular
14,6,0.44942182302474976,custom
14,6,0.6136908531188965,cubic
14,6,0.4742237627506256,exp
14,7,0.6743897199630737,cosine
14,7,0.6134037971496582,angular
14,7,0.4293772578239441,custom
14,7,0.5978018641471863,cubic
14,7,0.4465010166168213,exp
14,8,0.6348374485969543,cosine
14,8,0.5869162082672119,angular
14,8,0.395713210105896,custom
14,8,0.5723217725753784,cubic
14,8,0.4006374776363373,exp
14,9,0.5937843918800354,cosine
14,9,0.5600607395172119,angular
14,9,0.3626495599746704,custom
14,9,0.5485419034957886,cubic
14,9,0.3567192256450653,exp
14,10,0.5553836226463318,cosine
14,10,0.5353308320045471,angular
14,10,0.33320438861846924,custom
14,10,0.528031587600708,cubic
14,10,0.31877753138542175,exp
15,1,0.8922560811042786,cosine
15,1,0.7870866060256958,angular
15,1,0.6717562675476074,custom
15,1,0.8168368339538574,cubic
15,1,0.7758068442344666,exp
15,2,0.8074749708175659,cosine
15,2,0.7108237743377686,angular
15,2,0.5612232685089111,custom
15,2,0.7118753790855408,cubic
15,2,0.6303960680961609,exp
15,3,0.76645827293396,cosine
15,3,0.6789040565490723,angular
15,3,0.5167384147644043,custom
15,3,0.6710662245750427,cubic
15,3,0.5684198141098022,exp
15,4,0.7530635595321655,cosine
15,4,0.6689233779907227,angular
15,4,0.5030730366706848,custom
15,4,0.6589447855949402,cubic
15,4,0.5492569804191589,exp
15,5,0.6992075443267822,cosine
15,5,0.6304396390914917,angular
15,5,0.45155447721481323,custom
15,5,0.6154143214225769,cubic
15,5,0.47718745470046997,exp
15,6,0.6849400997161865,cosine
15,6,0.6206012964248657,angular
15,6,0.4386979937553406,custom
15,6,0.6051210165023804,cubic
15,6,0.4593603312969208,exp
15,7,0.6566199064254761,cosine
15,7,0.6014143824577332,angular
15,7,0.4140135645866394,custom
15,7,0.5859936475753784,cubic
15,7,0.42544636130332947,exp
15,8,0.6162013411521912,cosine
15,8,0.5746587514877319,angular
15,8,0.3804851770401001,custom
15,8,0.5612387657165527,cubic
15,8,0.38025328516960144,exp
15,9,0.5540348291397095,cosine
15,9,0.5344669818878174,angular
15,9,0.3321937918663025,custom
15,9,0.5273329615592957,cubic
15,9,0.3174971044063568,exp
16,1,0.8536192774772644,cosine
16,1,0.7500593066215515,angular
16,1,0.6174026727676392,custom
16,1,0.7652474641799927,cubic
16,1,0.7064760327339172,exp
16,2,0.7937413454055786,cosine
16,2,0.6998810172080994,angular
16,2,0.5458429455757141,custom
16,2,0.6975610256195068,cubic
16,2,0.6090759634971619,exp
16,3,0.7736920118331909,cosine
16,3,0.6843762397766113,angular
16,3,0.5242816209793091,custom
16,3,0.6778490543365479,cubic
16,3,0.5789839625358582,exp
16,4,0.7348705530166626,cosine
16,4,0.6556527614593506,angular
16,4,0.48509275913238525,custom
16,4,0.6433481574058533,cubic
16,4,0.5240381956100464,exp
16,5,0.7140058279037476,cosine
16,5,0.640785813331604,angular
16,5,0.4652157425880432,custom
16,5,0.626605212688446,cubic
16,5,0.4962233901023865,exp
16,6,0.6803014874458313,cosine
16,6,0.6174290776252747,angular
16,6,0.43458110094070435,custom
16,6,0.6018733978271484,cubic
16,6,0.4536731541156769,exp
16,7,0.6336967945098877,cosine
16,7,0.5861624479293823,angular
16,7,0.39477014541625977,custom
16,7,0.5716280341148376,cubic
16,7,0.3993678390979767,exp
16,8,0.5525895953178406,cosine
16,8,0.5335416197776794,angular
16,8,0.3311125636100769,custom
16,8,0.5265856385231018,cubic
16,8,0.3161289095878601,exp
17,1,0.9077399373054504,cosine
17,1,0.8035268783569336,angular
17,1,0.6962565779685974,custom
17,1,0.8394449949264526,cubic
17,1,0.8051305413246155,exp
17,2,0.8757491707801819,cosine
17,2,0.7706685066223145,angular
17,2,0.6475076675415039,custom
17,2,0.7939766645431519,cubic
17,2,0.74552983045578,exp
17,3,0.8332707285881042,cosine
17,3,0.7322260737419128,angular
17,3,0.5916750431060791,custom
17,3,0.7406677603721619,cubic
17,3,0.6720597743988037,exp
17,4,0.807392954826355,cosine
17,4,0.7107576131820679,angular
17,4,0.5611298084259033,custom
17,4,0.7117878794670105,cubic
17,4,0.6302671432495117,exp
17,5,0.7732111215591431,cosine
17,5,0.6840106248855591,angular
17,5,0.5237764120101929,custom
17,5,0.6773928999900818,cubic
17,5,0.5782768726348877,exp
17,6,0.7183494567871094,cosine
17,6,0.6438524723052979,angular
17,6,0.46929240226745605,custom
17,6,0.6299949884414673,cubic
17,6,0.501918613910675,exp
17,7,0.6235994100570679,cosine
17,7,0.5795100927352905,angular
17,7,0.3864850401878357,custom
17,7,0.5655761361122131,cubic
17,7,0.38825446367263794,exp
18,1,0.9609906077384949,cosine
18,1,0.8734303712844849,angular
18,1,0.8024920225143433,custom
18,1,0.9264277219772339,cubic
18,1,0.9131999611854553,exp
18,2,0.8818109035491943,cosine
18,2,0.7765807509422302,angular
18,2,0.6562135815620422,custom
18,2,0.8022258877754211,cubic
18,2,0.7565323114395142,exp
18,3,0.8477910757064819,cosine
18,3,0.7448534965515137,angular
18,3,0.6098604202270508,custom
18,3,0.7580322027206421,cubic
18,3,0.6964750289916992,exp
18,4,0.8114356994628906,cosine
18,4,0.7140340209007263,angular
18,4,0.5657600164413452,custom
18,4,0.7161315083503723,cubic
18,4,0.6366543769836426,exp
18,5,0.7603698968887329,cosine
18,5,0.6743438243865967,angular
18,5,0.5104796886444092,custom
18,5,0.6654871702194214,cubic
18,5,0.5596458911895752,exp
18,6,0.646938681602478,cosine
18,6,0.5949457287788391,angular
18,6,0.4058103561401367,custom
18,6,0.5798144340515137,cubic
18,6,0.4142864942550659,exp
19,1,0.9065303206443787,cosine
19,1,0.8022003173828125,angular
19,1,0.6942719221115112,custom
19,1,0.837637186050415,cubic
19,1,0.8028067946434021,exp
19,2,0.8648607134819031,cosine
19,2,0.760350227355957,angular
19,2,0.6323870420455933,custom
19,2,0.7795733213424683,cubic
19,2,0.726098358631134,exp
19,3,0.8243969678878784,cosine
19,3,0.7247263193130493,angular
19,3,0.5809498429298401,custom
19,3,0.7304732799530029,cubic
19,3,0.657484233379364,exp
19,4,0.7769923210144043,cosine
19,4,0.6868933439254761,angular
19,4,0.5277630686759949,custom
19,4,0.6810004711151123,cubic
19,4,0.5838547945022583,exp
19,5,0.6608707904815674,cosine
19,5,0.6042682528495789,angular
19,5,0.4176520109176636,custom
19,5,0.5887618660926819,cubic
19,5,0.4304150938987732,exp
20,1,0.9308835864067078,cosine
20,1,0.8306421637535095,angular
20,1,0.7371000051498413,custom
20,1,0.8754380941390991,cubic
20,1,0.8506888747215271,exp
20,2,0.8775114417076111,cosine
20,2,0.7723742723464966,angular
20,2,0.6500163078308105,custom
20,2,0.7963577508926392,cubic
20,2,0.7487147450447083,exp
20,3,0.8362090587615967,cosine
20,3,0.7347443103790283,angular
20,3,0.5952890515327454,custom
20,3,0.7441123723983765,cubic
20,3,0.6769432425498962,exp
20,4,0.7223999500274658,cosine
20,4,0.6467252373695374,angular
20,4,0.47312235832214355,custom
20,4,0.6332005858421326,cubic
20,4,0.5072742700576782,exp
21,1,0.9286326766014099,cosine
21,1,0.8278384208679199,angular
21,1,0.732853353023529,custom
21,1,0.8718183040618896,cubic
21,1,0.846164882183075,exp
21,2,0.8822126388549805,cosine
21,2,0.7769771814346313,angular
21,2,0.6567983627319336,custom
21,2,0.8027785420417786,cubic
21,2,0.7572662234306335,exp
21,3,0.7578848600387573,cosine
21,3,0.6724939346313477,angular
21,3,0.5079480409622192,custom
21,3,0.6632434725761414,cubic
21,3,0.5560952425003052,exp
22,1,0.9460101127624512,cosine
22,1,0.8507122993469238,angular
22,1,0.7676427364349365,custom
22,1,0.9004502296447754,cubic
22,1,0.8816255331039429,exp
22,2,0.7871991395950317,cosine
22,2,0.6947638988494873,angular
22,2,0.5386965870857239,custom
22,2,0.6909778714179993,cubic
22,2,0.5991238355636597,exp
23,1,0.7903697490692139,cosine
23,1,0.6972365379333496,angular
23,1,0.5421460270881653,custom
23,1,0.6941496729850769,cubic
23,1,0.6039307713508606,exp
